TIME,Single,Mixture
4,0.46490891,1.592888171
4.5,0.265213643,0.846910959
5,0.106453998,0.424778136
5.5,0.057959474,0.263137239
6,0.032308726,0.166880113