TIME,Single,Mixture
4,0.495389968,1.934445202
4.5,0.310598469,1.319644322
5,0.245042102,0.956863379
5.5,0.171353228,0.693813865
6,0.115567956,0.462293317