TIME,Single,Mixture
4,0.474095145,1.356307372
4.5,0.289155958,0.817852713
5,0.141693662,0.487701467
5.5,0.115431287,0.318998423
6,0.061324783,0.215998445