TIME,Single,Mixture
4,0.802760834,2.098813934
4.5,0.522192466,1.398551649
5,0.312451528,0.94363498
5.5,0.189202382,0.659979876
6,0.142243915,0.40943568